{"cameraMode":{"drawMode":0,"name":"Shaded","section":"Shading Mode"},"sceneLighting":true,"audioPlay":false,"sceneViewState":{"m_AlwaysRefresh":false,"showFog":true,"showSkybox":true,"showFlares":true,"showImageEffects":true,"showParticleSystems":true,"showVisualEffectGraphs":true,"m_FxEnabled":true},"in2DMode":false,"pivot":{"x":4.690817832946777,"y":-0.4074893593788147,"z":24.549068450927736},"rotation":{"x":-0.08736690878868103,"y":0.26937970519065859,"z":-0.024646759033203126,"w":-0.9587917327880859},"size":12.239428520202637,"orthographic":false}